[{"model": "climatemodels.climatedatatype", "pk": 3, "fields": {"name": "Socio-economic data"}}, {"model": "climatemodels.climatedatatype", "pk": 4, "fields": {"name": "Agricultural land and irrigated area"}}, {"model": "climatemodels.climatedatatype", "pk": 6, "fields": {"name": "Other land-use data"}}, {"model": "climatemodels.climatedatatype", "pk": 7, "fields": {"name": "Global gridded climate data"}}, {"model": "climatemodels.climatedatatype", "pk": 8, "fields": {"name": "Other human influences"}}, {"model": "climatemodels.climatedatatype", "pk": 9, "fields": {"name": "River-routing and dams"}}, {"model": "climatemodels.scenario", "pk": 1, "fields": {"name": "hist-obs"}}, {"model": "climatemodels.scenario", "pk": 2, "fields": {"name": "co2"}}, {"model": "climatemodels.scenario", "pk": 3, "fields": {"name": "nosoc"}}, {"model": "climatemodels.scenario", "pk": 4, "fields": {"name": "reana"}}, {"model": "climatemodels.scenario", "pk": 5, "fields": {"name": "scen"}}, {"model": "climatemodels.scenario", "pk": 6, "fields": {"name": "catch-up"}}, {"model": "climatemodels.scenario", "pk": 7, "fields": {"name": "Fast Track"}}, {"model": "climatemodels.scenario", "pk": 8, "fields": {"name": "future RCPs"}}, {"model": "climatemodels.scenario", "pk": 9, "fields": {"name": "future SSPs"}}, {"model": "climatemodels.scenario", "pk": 10, "fields": {"name": "Reference data set for bias correction"}}, {"model": "climatemodels.scenario", "pk": 11, "fields": {"name": "histsoc"}}, {"model": "climatemodels.climatevariable", "pk": 114, "fields": {"name": "long-wave net radiation", "abbreviation": "lwnet"}}, {"model": "climatemodels.climatevariable", "pk": 122, "fields": {"name": "total precipitation", "abbreviation": "pr"}}, {"model": "climatemodels.climatevariable", "pk": 132, "fields": {"name": "snowfall", "abbreviation": "prsn"}}, {"model": "climatemodels.climatevariable", "pk": 155, "fields": {"name": "net radiation", "abbreviation": null}}, {"model": "climatemodels.climatevariable", "pk": 196, "fields": {"name": "heating degree days", "abbreviation": "hdd"}}, {"model": "climatemodels.climatevariable", "pk": 197, "fields": {"name": "cooling degree days", "abbreviation": "cdd"}}, {"model": "climatemodels.climatevariable", "pk": 199, "fields": {"name": "primary organic carbon production of all types of phytoplankton", "abbreviation": "intpp"}}, {"model": "climatemodels.climatevariable", "pk": 200, "fields": {"name": "sea-water salinity", "abbreviation": "so"}}, {"model": "climatemodels.climatevariable", "pk": 201, "fields": {"name": "oxygen", "abbreviation": "o2"}}, {"model": "climatemodels.climatevariable", "pk": 205, "fields": {"name": "Water vapour pressure", "abbreviation": null}}, {"model": "climatemodels.climatevariable", "pk": 213, "fields": {"name": "CO2 concentration", "abbreviation": "co2"}}, {"model": "climatemodels.climatevariable", "pk": 216, "fields": {"name": "daily mean temperature", "abbreviation": "tas"}}, {"model": "climatemodels.climatevariable", "pk": 217, "fields": {"name": "daily maximum temperature", "abbreviation": "tasmax"}}, {"model": "climatemodels.climatevariable", "pk": 218, "fields": {"name": "daily minimum temperature", "abbreviation": "tasmin"}}, {"model": "climatemodels.climatevariable", "pk": 221, "fields": {"name": "surface air pressure", "abbreviation": "ps"}}, {"model": "climatemodels.climatevariable", "pk": 223, "fields": {"name": "long wave downwelling radiation", "abbreviation": "rlds"}}, {"model": "climatemodels.climatevariable", "pk": 224, "fields": {"name": "short wave downwelling radiation", "abbreviation": "rsds"}}, {"model": "climatemodels.climatevariable", "pk": 225, "fields": {"name": "near-surface wind magnitude", "abbreviation": "wind"}}, {"model": "climatemodels.climatevariable", "pk": 226, "fields": {"name": "eastward near-surface wind", "abbreviation": "uas"}}, {"model": "climatemodels.climatevariable", "pk": 227, "fields": {"name": "northward near-surface wind", "abbreviation": "vas"}}, {"model": "climatemodels.climatevariable", "pk": 232, "fields": {"name": "pH", "abbreviation": "ph"}}, {"model": "climatemodels.climatevariable", "pk": 233, "fields": {"name": "sea-water x velocity", "abbreviation": "uo"}}, {"model": "climatemodels.climatevariable", "pk": 244, "fields": {"name": "relative humidity", "abbreviation": "rhs or hurs"}}, {"model": "climatemodels.climatevariable", "pk": 256, "fields": {"name": "primary carbon production by phytoplankton", "abbreviation": "pp"}}, {"model": "climatemodels.climatevariable", "pk": 257, "fields": {"name": "current production", "abbreviation": ""}}, {"model": "climatemodels.climatevariable", "pk": 260, "fields": {"name": "plankton biomass", "abbreviation": ""}}, {"model": "climatemodels.climatevariable", "pk": 281, "fields": {"name": "potential ET", "abbreviation": ""}}, {"model": "climatemodels.climatevariable", "pk": 290, "fields": {"name": "sea-water potential temperature", "abbreviation": "thetao"}}, {"model": "climatemodels.climatevariable", "pk": 291, "fields": {"name": "sea-surface temperature", "abbreviation": "tos"}}, {"model": "climatemodels.climatevariable", "pk": 293, "fields": {"name": "sea-water y velocity", "abbreviation": "vo"}}, {"model": "climatemodels.climatevariable", "pk": 294, "fields": {"name": "net primary mole productivity of carbon by picophytoplankton", "abbreviation": "intppico"}}, {"model": "climatemodels.climatevariable", "pk": 295, "fields": {"name": "o2", "abbreviation": null}}, {"model": "climatemodels.climatevariable", "pk": 296, "fields": {"name": "specific humidy", "abbreviation": null}}, {"model": "climatemodels.climatevariable", "pk": 297, "fields": {"name": "specific humidity (huss)", "abbreviation": null}}, {"model": "climatemodels.climatevariable", "pk": 298, "fields": {"name": "Surface wind speed", "abbreviation": "sfcWind"}}, {"model": "climatemodels.climatevariable", "pk": 299, "fields": {"name": "sea-level pressure", "abbreviation": "psl"}}, {"model": "climatemodels.climatevariable", "pk": 300, "fields": {"name": "NHx", "abbreviation": "nhx"}}, {"model": "climatemodels.climatevariable", "pk": 301, "fields": {"name": "NOy", "abbreviation": "noy"}}, {"model": "climatemodels.climatevariable", "pk": 302, "fields": {"name": "population", "abbreviation": "pop"}}, {"model": "climatemodels.inputphase", "pk": 1, "fields": {"name": "ISIMIP2a"}}, {"model": "climatemodels.inputphase", "pk": 2, "fields": {"name": "Fast Track"}}, {"model": "climatemodels.inputphase", "pk": 3, "fields": {"name": "ISIMIP2b"}}, {"model": "climatemodels.inputdata", "pk": 2, "fields": {"name": "PGMFD v.2 (Princeton)", "data_type": 7, "scenario": 1, "phase": 1, "description": "Daily-resolution observed climate data on a global (land and ocean) 0.5\u00b0x0.5\u00b0 lat-lon grid from the Terrestrial Hydrology Group at Princeton University, based on the reanalysis data set NCEP/NCAR Reanalysis I and using the bias targets CRU, SRB, TRMM, GPCP & WMO and validated against GSWP2. The data set covers the period 1901\u20102012", "caveats": "This dataset was updated in the ISIMIP repository on 4 February, 2016. \r\n\r\nRelated site: http://hydrology.princeton.edu/data.pgf.php\r\n\r\nWhen referring to this data set, the following paper should be cited:  Sheffield, J., G. Goteti, and E. F. Wood, 2006: Development of a 50-yr high-resolution global dataset of meteorological forcings for land surface modeling, J. Climate, 19 (13), 3088-3111", "download_instructions": "This dataset is available for download from the DKRZ server or directly from PIK. See https://www.isimip.org/gettingstarted/downloading-input-data/#isimip2a for more details.", "variables": [217, 216, 218, 223, 224, 122]}}, {"model": "climatemodels.inputdata", "pk": 3, "fields": {"name": "WATCH (WFD)", "data_type": 7, "scenario": 1, "phase": 1, "description": "Daily resolution climate data on a global 0.5\u00b0x0.5\u00b0 lat-lon grid: Derived from the WATCH Project, based on the reanalysis data set ERA-40 and using the bias target GPCC. The data set covers the period 1901\u20102001.\r\n\r\nRelated website:\r\nhttp://www.waterandclimatechange.eu/about/watch-forcing-data-20th-century\r\n\r\nWhen referring to the WATCH data set, the following paper should be cited: \r\nWeedon, G.P., Gomes, S., Viterbo, P., \u00d6sterle, H., Adam, J.C., Bellouin, N., Boucher, O., and Best, M., 2010. The WATCH Forcing Data 1958-2001: a meteorological forcing dataset for land surface- and hydrological models. WATCH Tech. Rep. 22, 41p (available at www.eu-watch.org/publications , PDF).", "caveats": "", "download_instructions": "This dataset is available for download from the DKRZ server or directly from PIK. See https://www.isimip.org/gettingstarted/downloading-input-data/#isimip2a for more details.", "variables": [217, 216, 218, 223, 225, 244, 224, 132, 221, 122]}}, {"model": "climatemodels.inputdata", "pk": 4, "fields": {"name": "GSWP3", "data_type": 7, "scenario": 1, "phase": 1, "description": "Daily-resolution observed climate data on a global (land and ocean) 0.5\u00b0x0.5\u00b0 lat-lon grid from the Global Soil Wetness Project Phase 3 (GSWP3), based on the reanalysis data set 20CR and using the bias targets GPCC, GPCP, CPC-Unified, CRU and SRB. The data set covers the period 1901\u20102010.", "caveats": "Related Site: http://hydro.iis.u-tokyo.ac.jp/GSWP3/index.html\r\nPublications: http://hydro.iis.u-tokyo.ac.jp/GSWP3/refs.html", "download_instructions": "This dataset is available for download from the DKRZ server or directly from PIK. See https://www.isimip.org/gettingstarted/downloading-input-data/#isimip2a for more details.", "variables": [217, 216, 218, 226, 223, 225, 244, 224, 132, 221, 122]}}, {"model": "climatemodels.inputdata", "pk": 5, "fields": {"name": "WATCH+WFDEI", "data_type": 7, "scenario": 1, "phase": 1, "description": "Daily-resolution observed climate data on a global (land only) 0.5\u00b0x0.5\u00b0 lat-lon grid, based on the reanalysis data set ERA-Interim and using the bias target GPCC. The data set covers the period 1901\u20102012, where the data for 1901-1978 are taken from WFD, and from 1979 onwards from WFDEI.GPCC", "caveats": "*Note* discontinuity in the data exists at the transition from WATCH to WFDEI, and results must be interpreted with caution.\r\n\r\nRelated Site: \r\nhttp://www.waterandclimatechange.eu/about/watch-forcing-data-20th-century\r\n\r\nWhen referring to this data set, the following paper should be cited:  \r\nWeedon, G.P., Gomes, S., Viterbo, P., \u00d6sterle, H., Adam, J.C., Bellouin, N., Boucher, O., and Best, M., 2010. The WATCH Forcing Data 1958-2001: a meteorological forcing dataset for land surface- and hydrological models. WATCH Tech. Rep. 22, 41p (available at www.eu-watch.org/publications , PDF).", "download_instructions": "This dataset is available for download from the DKRZ server or directly from PIK. See https://www.isimip.org/gettingstarted/downloading-input-data/#isimip2a for more details.", "variables": [217, 216, 218, 223, 225, 244, 224, 132, 221, 122]}}, {"model": "climatemodels.inputdata", "pk": 7, "fields": {"name": "GFDL-reanalysis (ocean)", "data_type": 7, "scenario": null, "phase": 1, "description": "The COBALT run is as described in: http://www.sciencedirect.com/science/article/pii/S0079661113001079\r\nIt uses the same basic ocean-ice setup as Dunne et al., 2013 but is forced with reanalysis.", "caveats": "", "download_instructions": "", "variables": []}}, {"model": "climatemodels.inputdata", "pk": 10, "fields": {"name": "GCM climate projections (Fast Track)", "data_type": 7, "scenario": 8, "phase": 2, "description": "Daily-resolution, bias-corrected climate data from the global climate models MIROC-ESM-CHEM, NorES1-M, IPSL-CM5A-LR, GFDL-ESM2M, HadGEM2-ES covering the period 1950-2099 (historical run up to 2004, then split into 4 RCPs), downscaled to a 0.5\u00b0x0.5\u00b0 lat-lon grid.\r\n\r\nOriginal data from CMIP5 archive.", "caveats": "Note that there are *two versions* of the climate input data from the ISIMIP Fast Track. More information can be found here: https://www.isimip.org/gettingstarted/downloading-input-data/#fast-track-data. \r\n\r\nThe native resolution of the HadGEM2-ES data is 1.25\u00b0x1.85\u00b0.\r\n\r\nWithin the spin-up data set consistency between the total wind speed (wind) and the wind components (uas, vas) is not guaranteed. In particular, the wind speed calculated from uas and vas differs slightly from the provided variable wind (i.e., correlation greater than 0.95), which is an artefact of the applied detrending procedure.\r\n\r\nWhen comparing results obtained using input data at different resolutions, bear in mind that global totals of a given input variable are not necessarily identical at different resolutions, due to the different land fractions.\r\n\r\nThis data set can be referenced using the DOI http://doi.org/10.5880/PIK.2016.001, which refers to all ISIMIP Fast Track climate-input data.\r\n\r\nThe data were bias corrected following the method described in Hempel et al. (2013) http://www.earth-syst-dynam.net/4/219/2013/esd-4-219-2013.html, which should be cited when using this data set.", "download_instructions": "This data set is available for public download via the ISIMIP node of the ESGF server. Further details can be found here: https://www.isimip.org/gettingstarted/downloading-input-data/#fast-track-data", "variables": []}}, {"model": "climatemodels.inputdata", "pk": 13, "fields": {"name": "Shared socio-economic pathways (SSPs)", "data_type": 3, "scenario": 9, "phase": 2, "description": "Historical (1950-2009) and future projections (2010-2100) of country-level and gridded population data based on the Shared Socio-economic Pathways (SSPs) for SSP1-SSP5.", "caveats": "The SSP folders contain:\r\n- A shapefile mask with the country boundaries\r\n- A national identification grid at a 2.5 arc minutes resolution (used for upscaling)\r\n- A csv file with a comparison of the global annual values in the GPWv3 (2.5 min and 0.5 deg) and SSP datasets\r\n- Total population .nc files for 2010-2100 at 2.5 arc min resolution\r\n\r\nThe national identification grid was obtained from the GPWv3 site. The ID number for each country was modified to follow the order of the Iso3v10 (i.e. country code) variable in the shapefile mask (also obtained from the GPWv3 site). To match the GPWv3 population for the baseline year (2010) with the SSP national estimations I obtained population for each country using the national identification grid. The SSP/GPWv3 ratio was used to scale up the population in the GPWv3 dataset. The 37 countries not present in the SSP dataset were assigned a meanscaling factor taking the mean of the scalingfactors for the 193 countries in the SSP dataset. I ran some tests to a randomly selected number of years and I had a margin of error of about maximum plus/minus ten individuals globally per year before adding the population of those countries not present in the SSP dataset.\r\n\r\nPopulation for intervening years not present in the SSPs was estimated using a linear interpolation. Then, yearly population increases were estimated dividing the population of year 'X' by the population of 2010 for each country in the SSP dataset. Countries not present in the SSP dataset (37 out of 230) were assigned a mean population increase taking the mean of the population increase in the SSP dataset.\r\n\r\nHistoric data:\r\n\r\nThe historical folder contains:\r\n\r\n- Total population netcdf files for 1950-2009 at a 2.5 arc min and 0.5 deg resolution\r\n- A csv file with a comparison of the global annual values in the netcdf files (0.5 deg) and the UNWPP dataset\r\n\r\nThe same national identification grid as in the SSP scenario was used. The ID number for each country was modified to follow the order of the Iso3v10 (i.e. country code) variable in the shapefile mask (also obtained from the GPWv3 site).\r\n\r\nAs in the SSP run, for matching the GPWv3 population for the baseline year (2010) with the UNWPP national estimations I obtained population for each country using the national identification grid. The UNWPP/GPWv3 ratio was used to scale up the population in the UNWPP dataset. The 6 countries not present in the UNWPP dataset were assigned a mean scaling factor taking the mean of the scaling factors for the countries present in such dataset.\r\n\r\nYearly population increases were estimated dividing the population of year 'X' by the population of 2010 for each country in the UNWPP data. Countries not present in the dataset were assigned a mean population increase taking the mean of the global population increase.", "download_instructions": "These files are available for download on the DKRZ server vre2 using the path /work/bb0820/data/ISIMIP-FT_INPUT/Input_Other/SSP", "variables": []}}, {"model": "climatemodels.inputdata", "pk": 14, "fields": {"name": "MIRCA land-use data", "data_type": 4, "scenario": 1, "phase": 2, "description": "Agricultural land and irrigated area based on the MIRCA data set, covering irrigated and rainfed landuse.", "caveats": "", "download_instructions": "These files are available for download on the DKRZ server vre2 using the path /work/bb0820/data/ISIMIP-FT_INPUT/Input_Other/landuse", "variables": []}}, {"model": "climatemodels.inputdata", "pk": 15, "fields": {"name": "GRanD reservoirs", "data_type": 6, "scenario": null, "phase": null, "description": "The dam data is based on GRanDv1.1, but adjusted to match the river-routing in DDM30.\r\n\r\nUse of these data sets is recommended but, if unfeasible, groups may use their default dataset. For a comparison of the GranD/ISIMIP dataset with the default WaterGAP and LPJmL datasets, see https://www.arcgis.com/home/item.html?id=d966db9c7b2949ac8380458d7020adf9", "caveats": "", "download_instructions": "These files are available for download on the DKRZ server vre2 using the path /work/bb0820/data/ISIMIP2b/Input_ISIMIP2b/landuse_humaninfluences/water_reservoirs_routing/reservoirs_dams", "variables": []}}, {"model": "climatemodels.inputdata", "pk": 17, "fields": {"name": "CESM1-BGC (ocean)", "data_type": 7, "scenario": null, "phase": null, "description": "", "caveats": "", "download_instructions": "", "variables": []}}, {"model": "climatemodels.inputdata", "pk": 18, "fields": {"name": "GFDL-ESM2M (ocean)", "data_type": 7, "scenario": null, "phase": 3, "description": "The ESM2M run is a fully coupled free running climate model forced by historical and future scenario GHGaerosol, solar boundary conditions without flux adjustment or other restoring to observations using TOPAZv2 as in Dunne et al 2013. DOI: 10.1175/JCLI-D-12-00150.1", "caveats": "", "download_instructions": "", "variables": []}}, {"model": "climatemodels.inputdata", "pk": 19, "fields": {"name": "IPSL-CM5A-LR (ocean)", "data_type": null, "scenario": null, "phase": null, "description": "", "caveats": "", "download_instructions": "", "variables": []}}, {"model": "climatemodels.inputdata", "pk": 20, "fields": {"name": "DDM30", "data_type": 9, "scenario": null, "phase": null, "description": "River-routing network data.", "caveats": "", "download_instructions": "Available on the DRKZ server under /work/bb0820/data/ISIMIP2b/Input_ISIMIP2b/landuse_humaninfluences/water_reservoirs_routing/river_routing", "variables": []}}, {"model": "climatemodels.inputdata", "pk": 21, "fields": {"name": "GCM climate data (ISIMIP2b)", "data_type": 7, "scenario": null, "phase": 3, "description": "Pre-industrial (1661-1860), historical (1861-2010), future (RCP2.6 and RCP6.0) and extended-future (2100-2299) conditions provided based on CMIP5 output from GFDL-ESM2M, HadGEM2-ES, IPSL-CM5A-LR and MIROC5. Output from two GCMs (GFDL-ESM2M and IPSL-CM5A-LR) includes the physical and biogeochemical ocean data required by the marine ecosystem sector of ISIMIP.\r\n\r\nModel data has been bias corrected by applying an updated version of the method used in the ISIMIP Fast Track, where a composite dataset 'EWEMBI' was used as the target observational data set. Detailed information can be found in Lange et al. (2016).", "caveats": "Note that the 'picontrol' data span the years 1661-2299, as required in the ISIMIP2b experiments.", "download_instructions": "These data sets are available from the DKRZ server in the folders Input_ISIMIP2b/climate_co2/climate/ . Data files are provided that cover the entire earth surface, or land only (in the folder climate_landonly). The data are divided into scenarios, as described in the ISIMIP2b simulation protocol.", "variables": [217, 216, 218, 226, 223, 225, 227, 244, 299, 224, 132, 297, 221, 298, 122]}}, {"model": "climatemodels.inputdata", "pk": 22, "fields": {"name": "Historical land-use data (ISIMIP2b)", "data_type": 4, "scenario": 11, "phase": 3, "description": "Historical land-use (LU) changes from the HYDE3.2 data (Klein Goldewijk, 2016) (see Figure 3). Three, consistently generated disaggregation levels are provided: \r\n- 5 Rainfed crop land, irrigated crop land, pastures and total crop land (the sum of rainfed and irrigated) \u2013 filename includes \u201clanduse-totals\u201d;\r\n- As above, with crop land divided into 5 functional crop types (LUH2) \u2013 filename includes \u201clanduse-5crops\u201d;\r\n- As above, with crop land divided into 15 individual crops or crop groups (based on (Monfreda et al., 2008)) \u2013 filename includes \u201clanduse-15crops\u201d;", "caveats": "", "download_instructions": "Available from the DKRZ server under /mnt/lustre01/work/bb0820/data/ISIMIP2b/Input_ISIMIP2b/landuse_humaninfluences/landuse", "variables": []}}, {"model": "climatemodels.inputdata", "pk": 23, "fields": {"name": "Sea-level rise", "data_type": null, "scenario": null, "phase": null, "description": "", "caveats": "", "download_instructions": "", "variables": []}}, {"model": "climatemodels.inputdata", "pk": 24, "fields": {"name": "Nitrogen deposition", "data_type": 8, "scenario": 11, "phase": null, "description": "Annual, 0.5\u00b0 gridded data for 1850-2099 derived from the average of three atmospheric chemistry models (i.e., GISS-E2-R, CCSM-CAM3.5, and GFDL-AM3) in the Atmospheric Chemistry and Climate Model Intercomparison Project (ACCMIP) (0.5\u00b0 x 0.5\u00b0) (Lamarque et al., 2013a, 2013b).", "caveats": "", "download_instructions": "Available on the DKRZ server under /work/bb0820/data/ISIMIP2b/Input_ISIMIP2b/landuse_humaninfluences/n-deposition/histsoc", "variables": [300, 301]}}, {"model": "climatemodels.inputdata", "pk": 26, "fields": {"name": "Historical observed climate data (ISIMIP2a)", "data_type": 7, "scenario": 1, "phase": 1, "description": "Daily-resolution observed climate data on a global (land and ocean) 0.5\u00b0x0.5\u00b0 lat-lon grid.\r\n\r\nPGMFD v.2 (Princeton) is from he Terrestrial Hydrology Group at Princeton University, based on the reanalysis data set NCEP/NCAR Reanalysis I and using the bias targets CRU, SRB, TRMM, GPCP & WMO and validated against GSWP2. The PGMFD v.2 data set covers the period 1901\u20102012. \r\n\r\nWATCH (WFD)\r\nDerived from the WATCH Project, based on the reanalysis data set ERA-40 and using the bias target GPCC. The data set covers the period 1901\u20102001.\r\n\r\nWATCH+WFDEI\r\nBased on the reanalysis data set ERA-Interim and using the bias target GPCC. The data set covers the period 1901\u20102012, where the data for 1901-1978 are taken from WFD, and from 1979 onwards from WFDEI.GPCC", "caveats": "PGMFD v.2 \r\nWhen referring to this data set, the following paper should be cited: Sheffield, J., G. Goteti, and E. F. Wood, 2006: Development of a 50-yr high-resolution global dataset of meteorological forcings for land surface modeling, J. Climate, 19 (13), 3088-3111\r\nhttp://hydrology.princeton.edu/data.pgf.php\r\n\r\nWATCH (WFD)\r\nWhen referring to this data set, the following paper should be cited: Weedon, G.P., Gomes, S., Viterbo, P., \u00d6sterle, H., Adam, J.C., Bellouin, N., Boucher, O., and Best, M., 2010. The WATCH Forcing Data 1958-2001: a meteorological forcing dataset for land surface- and hydrological models. WATCH Tech. Rep. 22, 41p (available at www.eu-watch.org/publications , PDF).\r\nhttp://www.waterandclimatechange.eu/about/watch-forcing-data-20th-century\r\n\r\nWATCH+WFDEI\r\n*Note* discontinuity in the data exists at the transition from WATCH to WFDEI, and results must be interpreted with caution.\r\nWhen referring to this data set, the following paper should be cited:\r\nWeedon, G.P., Gomes, S., Viterbo, P., \u00d6sterle, H., Adam, J.C., Bellouin, N., Boucher, O., and Best, M., 2010. The WATCH Forcing Data 1958-2001: a meteorological forcing dataset for land surface- and hydrological models. WATCH Tech. Rep. 22, 41p (available at www.eu-watch.org/publications , PDF).\r\nhttp://www.waterandclimatechange.eu/about/watch-forcing-data-20th-century", "download_instructions": "These datasets are available for download from the DKRZ server or directly from PIK. See https://www.isimip.org/gettingstarted/downloading-input-data/#isimip2a for more details.", "variables": [217, 216, 218, 223, 225, 244, 224, 132, 221, 122]}}, {"model": "climatemodels.inputdata", "pk": 27, "fields": {"name": "EWEMBI", "data_type": 7, "scenario": 10, "phase": 3, "description": "http://doi.org/10.5880/pik.2016.004\r\n\r\nThe EWEMBI dataset was compiled to support the bias correction of climate input data for ISIMIP2b. For a full technical description, see the link above.", "caveats": "", "download_instructions": "The data are available for download here: https://esg.pik-potsdam.de/search/isimip2b/", "variables": [217, 216, 218, 226, 223, 227, 244, 224, 132, 297, 221, 298, 122]}}, {"model": "climatemodels.inputdata", "pk": 28, "fields": {"name": "N-Fertilizer", "data_type": 8, "scenario": 11, "phase": 3, "description": "Annual, 0.5\u00b0 gridded data for 1850-2099 derived from the average of three atmospheric chemistry models (i.e., GISS-E2-R, CCSM-CAM3.5, and GFDL-AM3) in the Atmospheric Chemistry and Climate Model Intercomparison Project (ACCMIP) (0.5\u00b0 x 0.5\u00b0) (Lamarque et al., 2013a, 2013b). For the years 2006-2099, data are provided for RCP2.6 and RCP 6.0.\r\nScenarios: histsoc, rcp26, rcp60", "caveats": "", "download_instructions": "Available on the DKRZ server under /mnt/lustre01/work/bb0820/data/ISIMIP2b/Input_ISIMIP2b/landuse_humaninfluences/n-fertilizer/", "variables": []}}, {"model": "climatemodels.inputdata", "pk": 29, "fields": {"name": "Pressure & wind fields (3-hourly )", "data_type": 7, "scenario": null, "phase": 3, "description": "Pressure and wind fields at 3-hrly resolution for the GCMs IPSL-CM5A-LR (1861-2299) and GFDL-ESM2M (1861-2099).\r\nScenarios: histsoc, rcp26, rcp60", "caveats": "", "download_instructions": "Available for download from the DKRZ server under /mnt/lustre01/work/bb0820/data/ISIMIP2b/Input_ISIMIP2b/climate_co2/climate_coastalinf", "variables": []}}, {"model": "climatemodels.inputdata", "pk": 30, "fields": {"name": "CO2 concentration", "data_type": 8, "scenario": null, "phase": null, "description": "Atmospheric CO2 concentration for 1661-2299. Values are constant for 1661-1860, following observations from 1861-2005, and correspond to rcp26 and rcp60 from 2006-2299.", "caveats": "", "download_instructions": "Available for download from the DKRZ server under /mnt/lustre01/work/bb0820/data/ISIMIP2b/Input_ISIMIP2b/climate_co2/co2", "variables": []}}, {"model": "climatemodels.inputdata", "pk": 31, "fields": {"name": "Population (historical)", "data_type": 3, "scenario": 11, "phase": null, "description": "Annual data on a 0.5\u00b0 and 5' grid based on the HYDE3.2 database (Klein Goldewijk et al., 2010; Klein Goldewijk, 2011) for the years 1861-2005.", "caveats": "", "download_instructions": "Available on the DRKZ server under /work/bb0820/data/ISIMIP2b/Input_ISIMIP2b/landuse_humaninfluences/population_gdp", "variables": [302]}}, {"model": "climatemodels.inputdata", "pk": 32, "fields": {"name": "Poulation (future)", "data_type": 3, "scenario": 9, "phase": 3, "description": "Global population data at three resoulutions for the years 2006-2099:\r\n\u2022 Annual data on a 0.5\u00b0 and 5' grid based on the national SSP2 population projections as described in Samir and Lutz, (2014).\r\n\u2022 Country-level age-specific data in 5-year age groups and all-age mortality rates in 5-year time.", "caveats": "", "download_instructions": "Available on the DRKZ server under /work/bb0820/data/ISIMIP2b/Input_ISIMIP2b/landuse_humaninfluences/population_gdp", "variables": [302]}}, {"model": "climatemodels.inputdata", "pk": 33, "fields": {"name": "Gross Domestic Product (GDP)", "data_type": 3, "scenario": 11, "phase": 3, "description": "Annual country-level GDP data. Two versions are provided:\r\n- pro capita data from the Maddison project (Bolt and van Zanden, 2014, www.ggdc.net/maddison/maddison-project/home.htm) for the years 1-2010.\r\n- real-value data from the OECD for the years 1960-2005.", "caveats": "", "download_instructions": "Available on the DRKZ server under /work/bb0820/data/ISIMIP2b/Input_ISIMIP2b/landuse_humaninfluences/population_gdp", "variables": []}}]